emg,ecg,,,,,
-441,478,,0.09,,0.045765197,9
-506,416,,0.112,,0.044269088,11.2
-385,593,,0.126,,0.040222975,12.6
-254,761,,0.07,,0.038644045,7
-79,687,,0.07,,0.043598941,7
104,476,,0.211,,0.051965913,21.1
431,444,,0.06,,0.060264749,6
721,420,,0.029,,0.06935562,2.9
645,424,,0.544,,0.07776076,54.4
501,441,,0.15,,0.076914215,15
308,467,,0.12,,0.06573504,12
129,466,,0.207,,0.053609507,20.7
-80,481,,0.175,,0.048042943,17.5
-376,528,,0.024,,0.04979599,2.4
-665,493,,0.04,,0.053365946,4
-826,504,,0.18,,0.053851071,18
-814,515,,0.14,,0.0511588,14
-767,557,,0.194,,0.046900699,19.4
-739,530,,0.044,,0.043282009,4.4
-580,573,,0.099,,0.039702734,9.9
-282,564,,0.124,,0.036887394,12.4
-83,540,,0.187,,0.03788947,18.7
391,529,,0.0707,,0.0386373,7.07
929,530,,0.037,,0.036129236,3.7
1065,488,,0.125,,0.035723318,12.5
1104,523,,0.051,,0.03961244,5.1
1051,490,,0.098,,0.04336478,9.8
929,494,,0.095,,0.045576817,9.5
689,491,,0.052,,0.04814598,5.2
370,499,,0.247,,0.051797818,24.7
45,520,,0.1957,,0.055573523,19.57
-258,478,,0.31,,0.056964537,31
-623,462,,0.12,,0.055406503,12
-836,527,,0.51,,0.054436329,51
-870,504,,0.046,,0.053724741,4.6
-801,525,,0.053,,0.050513932,5.3
-461,495,,0.07867,,0.048972817,7.867
-128,531,,0.06,,0.053167618,6
52,512,,0.0367,,0.059145734,3.67
172,526,,0.28,,0.063840586,28
379,513,,0.0943,,0.064328047,9.43
526,509,,0.14,,0.055355471,14
577,485,,0.0793,,0.038671999,7.93
473,479,,0.002,,0.022179312,0.2
104,505,,0.0314,,0.016606865,3.14
-108,515,,0.049,,0.025709328,4.9
-266,511,,0,,0.03651996,0
-441,528,,0.013933,,0.037701209,1.3933
-494,674,,0.07,,0.036262064,7
-517,741,,0.04,,0.038480797,4
-323,523,,0.084,,0.041031785,8.4
-257,416,,0.08005,,0.041886047,8.005
-370,450,,0.2462,,0.039922357,24.62
-445,497,,0.04,,0.035392969,4
-376,454,,0.16,,0.032262043,16
-204,498,,0.15,,0.031082876,15
-146,531,,0.31,,0.029531143,31
29,513,,0.09,,0.028594599,9
233,500,,0.042,,0.03055902,4.2
399,534,,0.041,,0.035111939,4.1
686,534,,0.036,,0.039049327,3.6
774,540,,0.063,,0.038544741,6.3
721,562,,0.098,,0.034792336,9.8
546,557,,0.0466,,0.034664983,4.66
155,545,,0.014,,0.038399905,1.4
-272,567,,0.447,,0.042900517,44.7
-517,520,,0.1,,0.050725656,10
-383,535,,0.05,,0.059027141,5
-266,499,,0.051,,0.057530202,5.1
-181,491,,0.045,,0.044457166,4.5
-7,475,,0.036,,0.02969988,3.6
45,508,,0.0033,,0.022703247,0.33
51,502,,0.04,,0.021232027,4
78,495,,0.06,,0.018251228,6
107,515,,0.085,,0.016892957,8.5
-13,510,,0.057,,0.02022712,5.7
-94,496,,0.094,,0.021713742,9.4
-106,492,,0.099,,0.019585504,9.9
-97,511,,0.06,,0.019095557,6
-107,527,,0.048,,0.020956484,4.8
-288,485,,0.066,,0.023618896,6.6
-493,514,,0.087,,0.028058854,8.7
-535,522,,0.006,,0.030217489,0.6
-396,520,,0.159,,0.025265036,15.9
-321,507,,0.088,,0.01821687,8.8
-270,532,,0.048,,0.014403226,4.8
-111,505,,0.129,,0.013503724,12.9
123,501,,0.0717,,0.013641592,7.17
377,487,,0.33,,0.012418829,33
711,511,,0.05,,0.011634019,5
785,524,,0.25,,0.015719037,25
487,486,,0.072,,0.023787813,7.2
253,510,,0.014,,0.031578438,1.4
139,653,,0.05003,,0.036678259,5.003
76,734,,0.03,,0.037469836,3
5,546,,0.0627,,0.031785627,6.27
88,410,,0.12,,0.02416448,12
142,446,,0.107,,0.020992537,10.7
171,446,,0.04,,0.020096516,4
188,507,,0.0767,,0.019116242,7.67
161,498,,0,,0.019571486,0
163,504,,0.019,,0.01986595,1.9
119,505,,0.045,,0.017000393,4.5
133,510,,0,,0.012979395,0
121,526,,0.0448,,0.012869772,4.48
193,526,,0.007,,0.015603467,0.7
139,540,,0.04,,0.016909964,4
-85,510,,0.038,,0.017495983,3.8
-253,548,,0.1114,,0.017305291,11.14
-431,581,,0.1404,,0.015397282,14.04
-441,545,,0.02,,0.013065766,2
-392,525,,0.07,,0.011539072,7
-323,525,,0.16,,0.01016561,16
-207,522,,0.14,,0.008778071,14
-144,509,,0.126705798,,0.008911678,12.67057977
-118,494,,0.782819105,,0.009236468,78.28191053
-12,480,,0.048922586,,0.006222779,4.892258619
73,507,,0.723599765,,0.001064709,72.35997649
69,480,,0.262781749,,-0.000319391,26.27817487
94,509,,0.123512182,,0.002026367,12.35121817
-5,519,,0.43424023,,0.003197813,43.42402298
-193,507,,0.708140548,,0.004390564,70.81405483
-250,490,,0.994281084,,0.007613382,99.42810838
-228,498,,0.746916307,,0.010697969,74.69163073
-312,510,,0.964440581,,0.014549384,96.44405812
-361,521,,0.312857908,,0.018554159,31.28579075
-308,519,,0.489199755,,0.02003608,48.91997546
-221,500,,0.155241258,,0.021857195,15.52412577
-67,513,,0.731092596,,0.024663444,73.10925963
88,513,,0.35547681,,0.023541768,35.54768096
155,518,,0.063344731,,0.01371921,6.33447307
210,507,,0.085710955,,-0.001864941,8.571095516
214,518,,0.809263356,,-0.012958876,80.92633556
147,496,,0.237093479,,-0.016426447,23.70934793
90,479,,0.434024588,,-0.013176066,43.40245883
59,514,,0.138337125,,-0.004714537,13.83371252
6,513,,0.742480939,,0.00214495,74.24809387
-69,493,,0.636967341,,0.005958584,63.69673407
-94,524,,0.327313523,,0.010926726,32.73135229
-86,688,,0.180605812,,0.01386402,18.06058123
-17,730,,0.101970115,,0.008827672,10.19701145
31,513,,0.530987847,,0.000711701,53.09878472
123,403,,0.108305246,,-0.002806939,10.83052464
276,438,,0.91302889,,-0.000970145,91.302889
435,443,,0.594672649,,0.005723734,59.46726493
465,472,,0.554182392,,0.015032309,55.41823924
287,473,,0.68655412,,0.020125076,68.65541198
72,480,,0.389688397,,0.018758356,38.96883973
-214,501,,0.45735837,,0.017807285,45.73583702
-318,473,,0.829486175,,0.01832651,82.94861747
-292,514,,0.145514437,,0.015594549,14.55144374
-294,532,,0.845991651,,0.012619554,84.59916513
-177,519,,0.827121335,,0.010157457,82.71213351
-226,513,,0.01971308,,0.006484141,1.971307957
-291,558,,0.196111123,,0.005938284,19.61111229
-124,542,,0.366775724,,0.007853127,36.67757237
-29,543,,0.694634287,,0.005338961,69.46342866
-54,539,,0.926029615,,-0.000965224,92.60296148
21,519,,0.436270926,,-0.003789694,43.62709263
180,493,,0.546253838,,-0.002034436,54.62538379
392,498,,0.022644392,,-0.001774019,2.264439153
501,506,,0.773940115,,-0.003539652,77.39401147
525,495,,0.462704379,,-0.002800481,46.27043788
485,474,,0.165130128,,0.000578893,16.51301282
370,491,,0.547358005,,0.005782473,54.73580053
186,510,,0.670476195,,0.010065014,67.04761954
-83,506,,0.357780846,,0.010418322,35.77808455
-177,522,,0.037741052,,0.007993901,3.774105178
-298,502,,0.729064883,,0.007339774,72.90648829
-396,495,,0.033936223,,0.014173506,3.39362233
-307,515,,0.562326988,,0.024868606,56.23269877
-260,522,,0.42123168,,0.031088085,42.12316801
-351,478,,0.99640235,,0.033419133,99.64023505
-323,512,,0.78149736,,0.033380648,78.14973604
-295,494,,0.545170322,,0.028836403,54.51703222
-360,536,,0.839340299,,0.021604935,83.93402989
-191,511,,0.573545788,,0.014841048,57.35457882
-6,524,,0.144918216,,0.006758667,14.49182165
168,498,,0.81527489,,-0.00207461,81.52748901
296,513,,0.238414028,,-0.007028453,23.84140279
333,485,,0.30414323,,-0.008002185,30.41432303
416,512,,0.300820023,,-0.007225164,30.08200226
351,511,,0.585821446,,-0.004300889,58.58214462
202,510,,0.360819323,,-0.000238333,36.08193226
86,509,,0.802448537,,-0.000368629,80.24485371
-27,636,,0.296415272,,-0.004559063,29.64152717
-101,768,,0.915645168,,-0.007989639,91.56451681
-73,567,,0.364063056,,-0.011119786,36.40630565
-146,405,,0.231167423,,-0.01310168,23.11674231
-224,431,,0.8519072,,-0.007794946,85.19072005
-125,473,,0.511177444,,0.006758321,51.11774437
-82,471,,0.734895661,,0.023323581,73.48956613
-177,467,,0.636731389,,0.031535869,63.67313891
-230,492,,0.104264826,,0.028846557,10.4264826
-170,485,,0.47150691,,0.018115285,47.150691
-62,511,,0.171592023,,0.006614944,17.15920226
80,512,,0.429505607,,0.00463474,42.95056068
49,522,,0.236793937,,0.008087569,23.67939367
117,509,,0.18646714,,0.004538409,18.64671399
204,561,,0.556847881,,-0.006508574,55.68478809
107,542,,0.586070847,,-0.016624371,58.60708469
-18,546,,0.711846895,,-0.020738979,71.18468951
-246,558,,0.544638569,,-0.021419862,54.46385688
-352,536,,0.236512632,,-0.019761194,23.65126316
-292,515,,0.063611076,,-0.015274928,6.361107587
-250,521,,0.452202492,,-0.014043147,45.22024917
-178,515,,0.570775491,,-0.017840486,57.07754914
29,496,,0.055983595,,-0.021525389,5.5983595
190,508,,0.989112035,,-0.022926945,98.91120354
200,503,,0.898411523,,-0.021783201,89.84115228
277,505,,0.260980497,,-0.01800558,26.0980497
399,528,,0.645963115,,-0.012478158,64.59631146
448,512,,0.798923825,,-0.005080478,79.89238254
475,511,,0.096565105,,0.00595295,9.656510464
240,495,,0.18419051,,0.025095667,18.41905096
-43,501,,0.638090467,,0.048213102,63.8090467
-16,515,,0.034233225,,0.055580222,3.423322544
-119,492,,0.954640851,,0.037986591,95.4640851
-120,497,,0.55453215,,0.009938608,55.45321501
-33,508,,0.762957936,,-0.012805659,76.29579365
-73,521,,0.581233997,,-0.025423423,58.12339973
-21,516,,0.427669003,,-0.027422193,42.76690031
-16,515,,0.968831631,,-0.022393906,96.88316312
8,522,,0.114582962,,-0.017632885,11.45829619
-66,519,,0.708294609,,-0.015042368,70.82946094
-142,506,,0.60429434,,-0.011545951,60.42943403
-178,487,,0.885362316,,-0.007346581,88.53623162
-220,519,,0.382860444,,-0.002593489,38.28604439
-155,494,,0.78488139,,0.002331864,78.48813902
-154,502,,0.562657567,,0.002035997,56.26575674
-126,479,,0.021008825,,-0.002839393,2.100882472
-36,503,,0.248290799,,-0.005714608,24.82907989
-99,628,,0.101442419,,-0.004937591,10.14424195
-156,757,,0.466556933,,-0.002469945,46.65569333
-35,597,,0.442729693,,0.000137659,44.27296928
79,436,,0.21956749,,0.003242859,21.95674898
120,433,,0.079078334,,0.007723426,7.907833438
33,464,,0.026192167,,0.011102266,2.619216724
6,467,,0.631857791,,0.010423267,63.18577906
-18,476,,0.215807377,,0.010851261,21.58073766
-155,496,,0.963114889,,0.018510178,96.31148888
-209,511,,0.667238789,,0.027380676,66.72387888
-180,519,,0.409284889,,0.02789502,40.92848888
-148,497,,0.276074449,,0.022626376,27.60744486
-84,526,,0.647049694,,0.017479375,64.70496939
82,533,,0.80848629,,0.014505981,80.84862904
214,528,,0.926828048,,0.012792387,92.68280479
97,566,,0.349855925,,0.007215042,34.98559246
44,547,,0.835713555,,-0.002377915,83.57135548
204,555,,0.264784792,,-0.009567442,26.47847916
204,561,,0.31320799,,-0.011709008,31.32079899
62,540,,0.311059292,,-0.015629539,31.10592923
-51,510,,0.012361221,,-0.024377409,1.236122068
-49,490,,0.573037021,,-0.030281908,57.30370206
-85,512,,0.349203436,,-0.030872067,34.92034358
-154,511,,0.838692274,,-0.030706645,83.86922735
-94,498,,0.242468241,,-0.029817137,24.24682409
-88,506,,0.939547063,,-0.024556337,93.95470634
-55,487,,0.646942294,,-0.016375382,64.69422943
5,499,,0.776078294,,-0.011276218,77.60782938
-14,504,,0.386806782,,-0.008377907,38.68067818
-60,510,,0.838688846,,-0.000920477,83.86888456
-41,507,,0.827506421,,0.013792133,82.7506421
-17,495,,0.327046098,,0.034390726,32.70460977
74,502,,0.896002442,,0.054883667,89.60024422
249,513,,0.020541192,,0.063345911,2.054119175
247,508,,0.366495081,,0.051892779,36.64950806
226,504,,0.576589996,,0.028065052,57.65899958
135,505,,0.484775133,,0.006899221,48.47751328
41,505,,0.213822405,,-0.007860037,21.38224048
18,507,,0.000552922,,-0.019606135,0.055292177
13,527,,0.300522516,,-0.025986556,30.05225157
43,515,,0.202693565,,-0.02629954,20.26935649
-82,489,,0.21961171,,-0.025258329,21.96117105
-132,495,,0.582899068,,-0.021618196,58.28990682
-47,501,,0.391993385,,-0.014435928,39.1993385
-87,506,,0.565395084,,-0.009146884,56.53950837
-131,491,,0.588544031,,-0.006160013,58.85440313
-100,494,,0.745566946,,-0.003255007,74.55669463
-84,608,,0.682564209,,-0.000663798,68.25642092
-47,751,,0.141844547,,0.002144562,14.18445473
-87,597,,0.097648121,,0.004757704,9.764812083
-101,420,,0.767502389,,0.007053319,76.75023888
-73,408,,0.23507521,,0.009751654,23.507521
-67,455,,0.695221159,,0.010566561,69.52211592
-59,468,,0.63284504,,0.009191952,63.284504
-128,475,,0.588336255,,0.008591206,58.83362547
-148,469,,0.491999903,,0.009087999,49.19999034
-168,471,,0.829241156,,0.008276874,82.9241156
-221,525,,0.752193831,,0.00567619,75.21938311
-148,498,,0.323575391,,0.003317859,32.35753912
-98,503,,0.66964054,,-6.80E-05,66.964054
-79,516,,0.151836408,,-0.005468764,15.1836408
100,528,,0.530570966,,-0.008696727,53.05709656
334,543,,0.402218362,,-0.008905491,40.22183624
554,530,,0.109014021,,-0.009130046,10.90140207
498,552,,0.553061382,,-0.009895723,55.3061382
342,536,,0.578892575,,-0.011654642,57.88925754
296,511,,0.249573702,,-0.014225742,24.95737024
123,481,,0.504785801,,-0.012702084,50.47858013
10,487,,0.60729419,,-0.008090158,60.72941904
-92,508,,0.270326823,,-0.006635201,27.03268234
-116,500,,0.461196949,,-0.007742136,46.11969492
-23,495,,0.613068817,,-0.006367464,61.30688171
20,479,,0.821765398,,0.001525722,82.17653979
22,492,,0.849716354,,0.010824089,84.97163539
-37,473,,0.489684895,,0.01648781,48.9684895
-63,503,,0.923942566,,0.019812419,92.39425665
-104,504,,0.22763834,,0.016954578,22.76383395
-227,494,,0.934409523,,0.006237852,93.44095231
-303,488,,0.379387939,,-0.004370914,37.93879385
-285,496,,0.208678422,,-0.007618548,20.86784219
-298,504,,0.425185176,,-0.00730822,42.51851756
-236,522,,0.50545074,,-0.010777035,50.54507403
-145,492,,0.33385848,,-0.015842956,33.385848
-54,531,,0.429970639,,-0.015895975,42.99706395
129,528,,0.728350807,,-0.011217657,72.83508072
220,512,,0.546921001,,-0.006490968,54.69210006
210,492,,0.901832823,,-0.003319218,90.1832823
147,510,,0.067622404,,-0.002759091,6.762240425
145,501,,0.39305627,,-0.005582972,39.30562701
127,499,,0.321540274,,-0.008048104,32.15402744
-19,514,,0.813662698,,-0.005738951,81.36626983
-110,504,,0.117927246,,0.003042166,11.79272458
-83,478,,0.183525876,,0.014740417,18.35258759
-107,574,,0.908366047,,0.021017599,90.83660473
-56,750,,0.712094979,,0.019584242,71.20949791
-1,634,,0.613279636,,0.018839728,61.32796363
-53,451,,0.275507436,,0.024112169,27.55074364
20,423,,0.64895284,,0.027512011,64.895284
90,464,,0.448913951,,0.023906003,44.89139512
137,488,,0.983294579,,0.018111162,98.32945787
98,496,,0.549976375,,0.012996947,54.99763745
67,504,,0.765709544,,0.008806565,76.57095436
85,507,,0.287401788,,0.006326337,28.74017876
-18,503,,0.497469463,,0.00475285,49.74694626
-102,521,,0.880767203,,0.003048261,88.07672032
-229,519,,0.23399346,,0.002301721,23.39934603
-294,538,,0.515955399,,0.003306704,51.59553992
-258,556,,0.434385871,,0.004247005,43.43858708
-163,574,,0.098079226,,0.002145503,9.807922586
-3,553,,0.032589759,,-0.001697752,3.258975912
104,556,,0.917594574,,-0.003657638,91.75945744
183,552,,0.510200472,,-0.005059637,51.02004723
186,537,,0.370036204,,-0.007128972,37.00362036
169,516,,0.84822763,,-0.007689542,84.82276303
155,514,,0.244002657,,-0.005484158,24.40026566
74,499,,0.632551404,,-0.001734654,63.25514041
-27,501,,0.395001811,,0.001086421,39.50018108
-64,512,,0.088345531,,0.001733507,8.834553145
-63,484,,0.961323946,,0.000749856,96.13239463
-92,516,,0.281626718,,-0.000713392,28.16267183
-39,504,,0.486154102,,-0.002774758,48.61541022
-12,510,,0.063317512,,-0.005481261,6.331751221
-31,510,,0.187574348,,-0.007780884,18.75743482
-32,516,,0.797954858,,-0.006917742,79.79548582
-25,518,,0.970517614,,-0.000532805,97.05176138
15,509,,0.08977956,,0.007780281,8.97795599
-18,523,,0.520238577,,0.011427076,52.02385771
-88,516,,0.209452159,,0.00753261,20.94521593
-82,511,,0.093453306,,8.26E-05,9.345330642
-85,538,,0.904011401,,-0.003613457,90.4011401
-80,527,,0.63874566,,-0.003648991,63.874566
-39,530,,0.466504018,,-0.005888146,46.65040185
-15,515,,0.443517889,,-0.009419867,44.35178888
-22,507,,0.207405014,,-0.011355655,20.74050145
-35,513,,0.244828406,,-0.0139045,24.48284055
-28,504,,0.44606856,,-0.016176036,44.60685596
-21,540,,0.379169997,,-0.014929959,37.91699973
3,507,,0.253907747,,-0.011309073,25.39077469
36,513,,0.308488732,,-0.0089998,30.84887323
-20,630,,0.473477546,,-0.009105315,47.3477546
-52,771,,0.658281393,,-0.010187115,65.82813935
-2,615,,0.455140706,,-0.012366557,45.51407062
9,427,,0.97465212,,-0.014842603,97.46521197
4,432,,0.423630285,,-0.015909383,42.36302851
-21,483,,0.28754125,,-0.012916115,28.75412501
8,487,,0.444034061,,-0.005559253,44.40340607
48,485,,0.748544882,,-0.000680342,74.85448823
70,512,,0.389377688,,-0.002741109,38.9377688
90,503,,0.026340971,,-0.010043799,2.634097119
80,504,,0.432480146,,-0.017277782,43.24801457
62,538,,0.146118285,,-0.020379287,14.6118285
41,548,,0.653096297,,-0.02246859,65.30962973
50,532,,0.587496106,,-0.022169421,58.74961064
16,547,,0.307795529,,-0.009110105,30.77955287
-30,563,,0.878649986,,0.013942219,87.86499863
-20,548,,0.002835769,,0.026485668,0.283576917
-4,555,,0.82421492,,0.017787874,82.42149201
-12,534,,0.654735286,,-0.000862876,65.47352864
5,551,,0.833590307,,-0.012349251,83.3590307
23,522,,0.441451015,,-0.011717835,44.1451015
-33,487,,0.2255412,,-0.009734959,22.55411996
-79,523,,0.71775622,,-0.016190869,71.77562195
-80,491,,0.985435736,,-0.028017328,98.54357364
-41,471,,0.570705324,,-0.039661387,57.07053236
-2,505,,0.392794965,,-0.045500095,39.27949655
-34,529,,0.07736279,,-0.038201726,7.736278975
15,511,,0.980458378,,-0.019066929,98.04583783
71,504,,0.115220394,,0.004874587,11.52203936
10,509,,0.253506343,,0.025061817,25.35063428
-34,515,,0.10453729,,0.034144486,10.45372902
-14,508,,0.457230397,,0.030971793,45.72303968
-32,513,,0.837489216,,0.020016291,83.74892161
-56,523,,0.39242501,,0.011802947,39.24250104
-43,502,,0.685983623,,0.014407706,68.5983623
-19,511,,0.062520584,,0.022789395,6.252058435
-8,494,,0.589423678,,0.024885955,58.94236776
-36,535,,0.958024645,,0.019702351,95.80246452
-61,526,,0.064404109,,0.012099446,6.440410884
-55,521,,0.314030162,,0.002423733,31.40301617
-21,527,,0.32676057,,-0.006610464,32.67605701
-39,482,,0.251551329,,-0.008549817,25.15513289
-48,506,,0.969877067,,-0.001682034,96.98770675
-71,517,,0.772938045,,0.006214676,77.29380453
-52,514,,0.091302119,,0.009593068,9.130211911
-18,485,,0.423243261,,0.00942777,42.32432607
-32,500,,0.083341458,,0.008592363,8.334145752
15,608,,0.403765473,,0.010163393,40.37654734
27,810,,0.917063257,,0.013316141,91.70632571
48,660,,0.789781931,,0.016424608,78.97819314
85,446,,0.130806424,,0.018884618,13.0806424
74,395,,0.050402534,,0.019627839,5.040253448
9,451,,0.008406695,,0.018714512,0.840669496
-53,472,,0.806036388,,0.017370641,80.60363878
-63,463,,0.893290579,,0.015973002,89.32905788
-67,483,,0.741421165,,0.014804337,74.14211648
-12,478,,0.619354393,,0.011921568,61.93543931
28,492,,0.957182419,,0.005633175,95.71824195
-25,494,,0.111384902,,0.001546156,11.13849023
-61,507,,0.656470046,,0.002052396,65.64700455
-46,521,,0.812196794,,0.004906446,81.21967943
-33,521,,0.010246395,,0.009535843,1.024639534
47,556,,0.959083867,,0.011537526,95.90838667
100,550,,0.07298708,,0.010978833,7.298707965
138,556,,0.271600675,,0.01353742,27.16006748
137,540,,0.969883939,,0.018165466,96.98839394
86,537,,0.373800072,,0.021569318,37.38000716
25,529,,0.086741914,,0.020870907,8.674191407
-32,507,,0.884176652,,0.01419001,88.41766521
-74,492,,0.039831965,,0.005321575,3.983196458
-134,496,,0.520344616,,-0.001517606,52.03446156
-130,502,,0.884641889,,-0.005805357,88.46418888
-100,507,,0.08776817,,-0.008958364,8.776817043
-14,487,,0.287779299,,-0.012083661,28.77792988
2,538,,0.535038245,,-0.014335378,53.50382445
-10,494,,0.979643296,,-0.01635308,97.96432961
-23,501,,0.032634359,,-0.019402032,3.263435875
-43,507,,0.871424285,,-0.020305937,87.14242852
-26,504,,0.706952675,,-0.017534526,70.69526748
-121,504,,0.307883776,,-0.012598326,30.78837759
-99,503,,0.976809546,,-0.00746806,97.68095461
-8,509,,0.703501607,,-0.005184315,70.35016067
23,519,,0.474088779,,-0.003717464,47.40887788
31,504,,0.465808972,,0.000848765,46.58089725
12,531,,0.30572435,,0.006500821,30.57243499
32,522,,0.845593725,,0.010945486,84.55937248
55,529,,0.156517749,,0.014424537,15.65177485
42,521,,0.792913036,,0.013985155,79.29130359
71,498,,0.036563427,,0.008858683,3.656342738
43,502,,0.052436173,,0.002720627,5.243617303
-29,509,,0.13592172,,-0.002649159,13.59217204
17,518,,0.30458872,,-0.006203197,30.45887198
39,511,,0.647135482,,-0.006465659,64.71354822
47,491,,0.322742811,,-0.004861165,32.27428112
39,585,,0.704960857,,-0.004665429,70.49608565
1,777,,0.586444741,,-0.005702587,58.64447413
-21,668,,0.317524232,,-0.007060514,31.75242325
-80,451,,0.173910339,,-0.00905526,17.39103387
-56,431,,0.455071884,,-0.010939812,45.50718836
-20,444,,0.198498473,,-0.01174892,19.84984728
-45,480,,0.374650612,,-0.010774988,37.46506116
-33,480,,0.218088581,,-0.008882691,21.80885809
27,502,,0.382873226,,-0.007018816,38.28732256
19,485,,0.414625655,,-0.004319584,41.46256551
-5,517,,0.666197977,,-0.001978623,66.61979773
-36,502,,0.291633466,,-0.001339783,29.16334663
-91,531,,0.524141769,,-0.001619159,52.41417688
-100,517,,0.37715031,,-0.001185168,37.715031
-132,548,,0.745365376,,0.002074044,74.53653761
-95,512,,0.717649112,,0.006156131,71.7649112
-23,561,,0.644434597,,0.005833388,64.44345965
53,543,,0.68876606,,0.00216383,68.87660604
200,537,,0.356347856,,-0.000149936,35.63478555
239,549,,0.61423501,,-0.001804184,61.42350098
176,521,,0.648148759,,-0.004944671,64.81487595
147,494,,0.855627281,,-0.00770873,85.56272814
84,493,,0.61840566,,-0.007383976,61.84056596
-41,493,,0.696674734,,-0.006364869,69.66747336
-142,478,,0.945397705,,-0.008742715,94.53977047
-235,504,,0.095709984,,-0.014267123,9.570998391
-191,490,,0.966781495,,-0.020574886,96.67814946
-159,492,,0.017102051,,-0.023882028,1.710205077
-131,492,,0.012374741,,-0.020524933,1.237474119
-28,516,,0.032506838,,-0.015650201,3.250683801
17,508,,0.195904909,,-0.0144645,19.59049092
99,499,,0.42216674,,-0.011615176,42.21667398
97,503,,0.799945081,,-0.003698347,79.99450806
35,513,,0.77329107,,0.004325825,77.32910696
17,489,,0.930566448,,0.007621791,93.05664482
-47,518,,0.766511605,,0.007130489,76.65116054
-100,510,,0.632273279,,0.003616535,63.22732786
-52,517,,0.654961425,,-0.002552323,65.49614254
-7,512,,0.347190502,,-0.005414784,34.7190502
-74,503,,0.692856495,,-0.00308455,69.28564946
-248,492,,0.875637064,,-0.000716221,87.56370639
-315,516,,0.34778416,,-3.93E-05,34.77841598
-255,508,,0.170874598,,0.001527678,17.08745983
-230,489,,0.130380784,,0.005452891,13.0380784
-147,504,,0.799369418,,0.006369733,79.93694179
-11,517,,0.352997177,,-0.000896057,35.29971775
133,537,,0.207734498,,-0.008706861,20.77344982
301,682,,0.232412698,,-0.010339996,23.24126979
408,705,,0.334142139,,-0.010136729,33.41421385
408,498,,0.081394459,,-0.007703658,8.139445859
408,398,,0.629678552,,0.001279031,62.9678552
473,460,,0.955131368,,0.0114476,95.51313683
331,462,,0.681344201,,0.01553004,68.13442008
84,479,,0.233883319,,0.014769752,23.38833192
-50,503,,0.294712411,,0.012105953,29.47124109
-67,493,,0.596528381,,0.007846593,59.65283806
-142,500,,0.726786028,,0.003149134,72.67860284
-250,514,,0.694232463,,0.000399777,69.42324625
-292,508,,0.991425601,,-0.000797159,99.14256009
-298,537,,0.252977385,,-0.001606383,25.29773845
-235,521,,0.255769656,,-0.001863713,25.57696555
-156,553,,0.29556639,,-0.002853126,29.55663902
-73,554,,0.379066932,,-0.005187957,37.90669318
39,534,,0.783777383,,-0.007990419,78.37773825
120,544,,0.712918083,,-0.007905517,71.29180828
90,535,,0.642834457,,0.00016319,64.28344568
0,510,,0.927093734,,0.01231189,92.70937338
-193,499,,0.759277968,,0.018022448,75.92779685
-354,507,,0.385859389,,0.015123251,38.58593892
-484,499,,0.46270985,,0.008989497,46.27098499
-623,485,,0.715911537,,0.004628641,71.5911537
-531,483,,0.870487796,,0.004979144,87.04877965
-277,528,,0.016194989,,0.012634038,1.619498934
17,492,,0.309326705,,0.021927797,30.93267052
245,511,,0.353521918,,0.018201296,35.35219181
473,509,,0.299363432,,0.000430182,29.93634316
785,497,,0.571926246,,-0.015690756,57.19262463
865,502,,0.784188644,,-0.019271768,78.41886436
772,487,,0.694082603,,-0.015768592,69.40826033
566,503,,0.674849167,,-0.017352378,67.48491666
294,499,,0.355914638,,-0.024648226,35.59146375
-3,517,,0.861582209,,-0.028267698,86.15822094
-224,520,,0.236456464,,-0.023911966,23.64564644
-246,505,,0.11889091,,-0.016020803,11.88909097
-233,508,,0.458574749,,-0.008507038,45.85747485
-153,533,,0.075455313,,4.75E-05,7.545531316
-90,508,,0.785143025,,0.010244216,78.51430253
-29,519,,0.498148474,,0.019120584,49.81484735
85,509,,0.297523391,,0.022386237,29.75233909
16,491,,0.973616785,,0.01661196,97.36167854
-53,499,,0.360966122,,0.005184673,36.09661221
-73,497,,0.67377903,,-0.002368235,67.37790296
-209,514,,0.942988983,,-0.004195069,94.29889826
-368,498,,0.246885014,,-0.005919915,24.68850137
-361,595,,0.187591146,,-0.010148972,18.75911455
-279,718,,0.049145505,,-0.014401051,4.91455049
-224,654,,0.715465153,,-0.016162858,71.54651529
-92,447,,0.815739773,,-0.017272752,81.57397728
21,416,,0.204590643,,-0.016571382,20.45906434
59,457,,0.429021927,,-0.013002872,42.90219269
69,480,,0.913566694,,-0.009925547,91.3566694
37,478,,0.368553686,,-0.005152457,36.85536861
35,475,,0.240850929,,0.003058027,24.0850929
54,495,,0.068144878,,0.00670974,6.814487793
-39,502,,0.445745662,,0.002283725,44.57456618
-67,501,,0.937882371,,-0.005775993,93.78823705
-51,514,,0.385465884,,-0.014630204,38.54658843
-72,524,,0.680758453,,-0.021639638,68.07584527
-47,547,,0.208933007,,-0.025469894,20.89330068
55,528,,0.017126551,,-0.025989462,1.712655138
277,552,,0.078190759,,-0.024194086,7.819075881
429,549,,0.173399037,,-0.024446038,17.33990371
351,521,,0.854190943,,-0.027077767,85.41909432
113,535,,0.437735029,,-0.02831077,43.77350288
-327,504,,0.603715453,,-0.026621845,60.37154532
-683,512,,0.784744703,,-0.019710084,78.47447033
-713,524,,0.747481646,,-0.00979049,74.74816461
-566,488,,0.848700711,,-0.003040659,84.87007112
-295,500,,0.96404543,,0.005401889,96.40454304
8,479,,0.839925173,,0.018989693,83.99251726
200,503,,0.608085232,,0.025978312,60.80852316
334,496,,0.452894646,,0.022628426,45.28946461
460,516,,0.402767636,,0.017228388,40.27676358
530,498,,0.011547765,,0.010750039,1.154776543
499,511,,0.361592525,,0.002034512,36.15925249
304,506,,0.410639121,,-0.002500183,41.06391212
47,492,,0.85181276,,0.000665505,85.18127604
-21,532,,0.695740154,,0.003732085,69.57401544
-86,498,,0.790093281,,0.000973668,79.00932807
-151,504,,0.062871617,,0.000344108,6.287161737
-104,519,,0.624459139,,0.007423574,62.44591389
-140,525,,0.718837008,,0.010887323,71.88370081
-162,525,,0.110899556,,0.001047182,11.08995557
-32,506,,0.576152601,,-0.010147432,57.61526013
72,520,,0.341093969,,-0.01156844,34.10939687
35,489,,0.754433947,,-0.009552706,75.44339472
42,497,,0.444252372,,-0.007250245,44.4252372
18,476,,0.162539833,,-0.002908067,16.25398327
25,500,,0.079775312,,0.003005959,7.977531236
-37,540,,0.937526082,,0.010831326,93.75260816
47,509,,0.163130921,,0.017838301,16.31309206
120,516,,0.838174522,,0.021733101,83.81745223
18,696,,0.116752303,,0.023774415,11.67523033
66,727,,0.341266383,,0.022256564,34.12663832
-61,484,,0.43673614,,0.016463165,43.67361402
-162,406,,0.095898012,,0.011608833,9.589801161
-63,483,,0.718255207,,0.010198498,71.82552071
49,453,,0.466326508,,0.009134611,46.63265077
15,463,,0.540662582,,0.007866934,54.06625821
-29,531,,0.499546695,,0.007484558,49.95466948
-27,491,,0.863393432,,0.0081426,86.33934319
39,509,,0.341910796,,0.009959171,34.19107962
161,496,,0.355224237,,0.010387033,35.52242374
74,504,,0.085301159,,0.009614455,8.530115942
-101,515,,0.767424598,,0.010072043,76.74245975
-163,518,,0.925726383,,0.009877896,92.57263827
-159,563,,0.955089249,,0.009952015,95.50892485
-139,560,,0.389423256,,0.012234501,38.94232556
-89,538,,0.932049261,,0.015875761,93.20492606
-101,535,,0.902939822,,0.022846153,90.29398219
-187,560,,0.989427585,,0.029326149,98.94275849
-288,519,,0.01544891,,0.025788823,1.544891015
-151,510,,0.455645953,,0.015739582,45.56459528
-101,497,,0.712153161,,0.009424692,71.21531613
-111,501,,0.027282616,,0.004958014,2.728261551
123,509,,0.051928185,,-0.003806986,5.19281853
281,506,,0.207760717,,-0.014752081,20.77607174
281,504,,0.235944533,,-0.021514161,23.59445332
204,515,,0.330414403,,-0.02163503,33.04144035
39,520,,0.074418318,,-0.016685194,7.44183176
-298,523,,0.608953717,,-0.010545837,60.89537168
-571,527,,0.961946354,,-0.00837811,96.19463542
-531,489,,0.88139668,,-0.010999992,88.13966803
-371,517,,0.977718042,,-0.013502216,97.77180416
-175,499,,0.377788615,,-0.013202097,37.7788615
69,500,,0.085373603,,-0.01185541,8.537360253
211,518,,0.434983241,,-0.009288253,43.49832408
275,507,,0.29326526,,-0.00449606,29.32652597
303,512,,0.897455381,,0.00030848,89.74553813
328,503,,0.008483434,,0.002583943,0.848343425
346,503,,0.989078789,,0.003797547,98.90787888
240,536,,0.860426157,,0.005484761,86.04261568
6.529884537,518,,0.229074161,,0.006529885,22.90741608
7.525209076,512,,0.4712362,,0.007525209,47.12361996
,,,,,0.006604819,
